{
   "авдеевка": 0.0012091898428053204,
   "александрия": 0.0024183796856106408,
   "аулы": 0.0012091898428053204,
   "бахмут": 0.0024183796856106408,
   "белая церковь": 0.0012091898428053204,
   "бердянск": 0.0048367593712212815,
   "богодухов": 0.0036275695284159614,
   "боярка": 0.0012091898428053204,
   "бровары": 0.009673518742442563,
   "буча": 0.0024183796856106408,
   "васильков": 0.0012091898428053204,
   "вашковцы": 0.0024183796856106408,
   "верховцево": 0.0012091898428053204,
   "винница": 0.009673518742442563,
   "волноваха": 0.0012091898428053204,
   "волынь": 0.007255139056831923,
   "гадяч": 0.0012091898428053204,
   "геническ": 0.0036275695284159614,
   "горишние плавни": 0.0012091898428053204,
   "горское": 0.0012091898428053204,
   "днепрорудное": 0.0012091898428053204,
   "днипро": 0.044740024183796856,
   "дрогобыч": 0.0012091898428053204,
   "житомир": 0.014510278113663845,
   "запорожье": 0.03506650544135429,
   "знаменка": 0.0048367593712212815,
   "золочев": 0.0012091898428053204,
   "ивано-франковск": 0.007255139056831923,
   "изюм": 0.0024183796856106408,
   "ирпень": 0.0036275695284159614,
   "каменка": 0.0024183796856106408,
   "каменское": 0.0048367593712212815,
   "киев": 0.21281741233373638,
   "ковель": 0.0024183796856106408,
   "конотоп": 0.0012091898428053204,
   "константиновка": 0.0036275695284159614,
   "краматорск": 0.007255139056831923,
   "кременчуг": 0.012091898428053204,
   "кривой рог": 0.0036275695284159614,
   "кропивницкий": 0.014510278113663845,
   "лазурное": 0.0012091898428053204,
   "лозовая": 0.0048367593712212815,
   "лубны": 0.0012091898428053204,
   "луцк": 0.014510278113663845,
   "львов": 0.03869407496977025,
   "люботин": 0.0012091898428053204,
   "мал. виска": 0.0012091898428053204,
   "мариуполь": 0.015719467956469165,
   "мелитополь": 0.0012091898428053204,
   "миргород": 0.0012091898428053204,
   "мироновка": 0.0012091898428053204,
   "мукачево": 0.0024183796856106408,
   "нетешин": 0.0024183796856106408,
   "николаев": 0.007255139056831923,
   "новоайдар": 0.0012091898428053204,
   "нововолынск": 0.0012091898428053204,
   "новогродовка": 0.0024183796856106408,
   "одесса": 0.07013301088270858,
   "павлоград": 0.0012091898428053204,
   "покровск": 0.0036275695284159614,
   "полтава": 0.014510278113663845,
   "ровно": 0.013301088270858524,
   "рубежное": 0.0024183796856106408,
   "северодонецк": 0.0024183796856106408,
   "скадовск": 0.0012091898428053204,
   "славутич": 0.0012091898428053204,
   "сумы": 0.006045949214026602,
   "теплодар": 0.0012091898428053204,
   "тернополь": 0.014510278113663845,
   "торецк": 0.0012091898428053204,
   "тростянец": 0.0024183796856106408,
   "ужгород": 0.0012091898428053204,
   "украинка": 0.0012091898428053204,
   "умань": 0.0024183796856106408,
   "харьков": 0.10278113663845223,
   "херсон": 0.0024183796856106408,
   "хмельницкий": 0.0036275695284159614,
   "черкассы": 0.018137847642079808,
   "чернигов": 0.010882708585247884,
   "черновцы": 0.0024183796856106408,
   "чугуев": 0.0012091898428053204,
   "шостка": 0.0012091898428053204,
   "энергодар": 0.0024183796856106408
}